,Rating,job_simpl,avg_salary,num_competitors,job_state,ownership,size,company_age,python,scala,tensorflow,aws,sql,spark,excel,phd,len_description
0,3.8,data scientist,53.0,0,NM,private,1 to 1000 employees,50.0,1,0,0,0,0,0,1,1,2536
1,3.4,data scientist,63.0,0,MD,other,5000+ employees,39.0,1,0,0,0,0,0,0,0,4783
2,4.8,data scientist,80.0,0,FL,private,1 to 1000 employees,13.0,1,0,0,0,1,1,1,1,3461
3,3.8,data scientist,56.0,3,WA,public,1001 to 5000 employees,58.0,1,0,0,0,0,0,0,0,3883
4,2.9,data scientist,86.0,3,NY,private,1 to 1000 employees,25.0,1,0,0,0,1,0,1,0,2728
5,3.4,data scientist,71.0,3,TX,public,1 to 1000 employees,23.0,1,0,0,1,1,0,1,0,3747
6,4.1,data scientist,54.0,0,MD,private,1 to 1000 employees,15.0,0,0,0,0,0,0,1,0,1786
7,3.8,data scientist,86.0,0,CA,private,1 to 1000 employees,18.0,1,0,1,1,1,1,1,1,3804
8,4.6,data scientist,120.0,2,NY,private,1 to 1000 employees,14.0,1,1,0,0,0,1,0,0,4574
9,3.5,data scientist,126.0,0,CA,private,1 to 1000 employees,12.0,1,1,0,0,0,0,0,0,2757
10,4.1,data scientist,64.0,0,VA,public,5000+ employees,55.0,0,0,0,0,1,0,0,0,3490
11,3.2,data scientist,106.0,3,TX,public,5000+ employees,61.0,0,0,0,0,1,0,0,0,3934
12,4.1,data analyst,46.0,0,WA,private,1 to 1000 employees,11.0,1,0,0,1,1,1,1,0,4897
13,3.7,data scientist,83.0,3,MA,public,5000+ employees,242.0,1,1,1,0,1,1,0,1,3731
14,3.6,data engineer,102.0,0,NJ,subsidiary or business segment,1001 to 5000 employees,28.0,0,1,0,0,0,0,1,0,1889
15,4.3,data scientist,118.0,0,CA,private,1 to 1000 employees,12.0,1,0,0,1,0,1,1,0,4163
16,4.2,data scientist,110.0,0,CA,private,1 to 1000 employees,13.0,0,0,0,0,1,0,0,0,3512
17,4.0,data scientist,64.0,0,CO,nonprofit organization,1 to 1000 employees,108.0,1,1,1,0,1,0,1,0,4397
18,3.2,data scientist,81.0,3,WA,private,1 to 1000 employees,11.0,1,1,0,0,1,1,0,1,2918
19,3.9,data scientist,73.0,0,TX,private,1 to 1000 employees,10.0,0,1,0,0,0,0,1,1,6909
20,3.8,data scientist,86.0,0,IL,private,1 to 1000 employees,28.0,1,0,0,1,1,0,1,1,6408
21,4.3,data scientist,63.0,0,KY,nonprofit organization,1 to 1000 employees,88.0,1,0,0,0,1,0,1,0,2907
22,3.9,data scientist,78.6,0,OR,private,5000+ employees,112.0,1,0,0,1,0,1,0,0,3703
23,4.0,data scientist,109.0,3,VA,private,1 to 1000 employees,11.0,1,0,1,1,0,0,0,0,3760
24,4.0,data scientist,63.0,0,MA,public,5000+ employees,174.0,1,0,0,1,0,0,1,0,3698
25,3.5,data scientist,75.0,0,OR,private,1001 to 5000 employees,71.0,1,0,1,1,1,1,1,0,4420
26,3.7,data analyst,34.0,0,MA,public,5000+ employees,171.0,0,0,0,0,0,0,1,0,4900
27,4.0,data scientist,63.0,0,CT,public,5000+ employees,174.0,0,0,0,1,0,0,1,0,5015
28,4.8,data scientist,80.0,0,FL,private,1 to 1000 employees,13.0,1,0,0,0,1,1,1,1,3461
29,3.8,data scientist,56.0,3,WA,public,1001 to 5000 employees,58.0,1,0,0,0,0,0,0,0,3883
30,3.6,data scientist,72.0,0,MI,private,1001 to 5000 employees,26.0,1,0,0,0,1,0,0,0,3342
31,3.8,data scientist,86.0,0,MA,public,5000+ employees,27.0,1,0,0,0,0,0,0,0,5045
32,3.8,data scientist,93.0,0,CA,public,5000+ employees,27.0,1,1,1,0,1,1,1,0,2327
33,4.7,data scientist,85.0,3,MA,private,1 to 1000 employees,49.0,1,0,0,0,0,0,1,0,2161
34,4.2,data analyst,77.0,0,CA,private,1 to 1000 employees,15.0,1,0,0,0,1,0,1,0,1739
35,3.5,data scientist,82.0,1,CA,private,1001 to 5000 employees,54.0,1,1,0,1,0,1,0,1,5000
36,4.7,data scientist,83.0,0,MA,private,1 to 1000 employees,13.0,1,0,1,0,1,1,1,1,3703
37,3.5,data scientist,115.0,0,CA,public,5000+ employees,153.0,1,0,0,0,0,0,1,1,3555
38,3.5,data engineer,74.0,0,NY,private,1 to 1000 employees,38.0,1,0,0,0,1,0,1,0,1739
39,4.2,data analyst,64.0,3,CA,private,1 to 1000 employees,15.0,1,1,0,1,1,0,1,0,3053
40,4.1,data scientist,78.6,0,IL,private,1 to 1000 employees,8.0,1,0,0,0,0,0,0,0,4173
41,3.6,data engineer,68.0,0,MA,private,1 to 1000 employees,44.9,0,0,0,0,1,0,1,0,1996
42,4.2,data scientist,110.0,0,CA,private,1 to 1000 employees,13.0,0,0,0,0,0,0,0,1,3833
43,4.3,data scientist,110.0,3,IL,public,1001 to 5000 employees,30.0,1,0,0,0,1,1,1,1,9120
44,5.0,data analyst,78.6,0,AZ,private,1 to 1000 employees,6.0,1,0,0,1,1,0,0,0,3749
45,5.0,data scientist,150.0,0,DC,private,unknown,44.9,0,0,0,1,0,0,1,0,3213
46,3.7,data scientist,158.0,3,WA,public,5000+ employees,65.0,1,1,0,0,1,0,1,0,7286
47,3.1,data analyst,20.0,0,CO,private,5000+ employees,37.0,0,0,0,0,0,0,1,0,3412
48,3.7,data scientist,63.0,3,IL,public,5000+ employees,98.0,0,0,0,0,0,0,0,0,2739
49,4.5,data engineer,78.6,0,IL,private,1 to 1000 employees,23.0,1,0,0,0,1,1,0,0,2505
50,3.8,data scientist,68.0,0,FL,subsidiary or business segment,1 to 1000 employees,39.0,1,0,0,0,1,0,1,0,2915
51,3.3,data scientist,86.0,3,MA,private,5000+ employees,111.0,1,0,0,0,0,0,0,0,4244
52,4.6,data analyst,41.0,0,AL,private,1001 to 5000 employees,21.0,1,0,0,0,0,0,1,0,1629
53,3.7,data scientist,86.0,3,NY,public,5000+ employees,160.0,1,0,0,0,1,0,1,1,4734
54,3.7,data scientist,80.0,0,CA,public,5000+ employees,84.0,0,0,0,0,1,0,1,0,4448
55,3.5,data scientist,56.0,0,NM,public,5000+ employees,153.0,1,0,0,0,0,0,1,0,3543
56,4.1,data scientist,120.0,3,CA,private,1 to 1000 employees,11.0,1,1,1,0,0,1,1,1,4203
57,4.7,data scientist,111.0,2,MO,private,1 to 1000 employees,7.0,1,1,1,0,1,1,0,0,5020
58,4.1,data scientist,54.0,0,MD,private,1 to 1000 employees,15.0,0,0,0,0,0,0,1,0,1786
59,3.4,data scientist,71.0,3,TX,public,1 to 1000 employees,23.0,1,0,0,1,1,0,1,0,3747
60,3.1,data analyst,78.6,0,RI,private,1001 to 5000 employees,116.0,0,0,0,0,1,0,1,0,2228
61,4.4,data scientist,82.0,0,OH,subsidiary or business segment,1 to 1000 employees,138.0,1,0,0,1,1,0,0,0,4804
62,4.3,data scientist,84.0,0,NY,private,1 to 1000 employees,12.0,1,0,0,1,1,1,0,0,1382
63,3.8,data scientist,107.0,0,CA,public,1 to 1000 employees,17.0,0,0,0,0,1,0,0,1,2933
64,3.8,data scientist,49.0,3,WA,public,1001 to 5000 employees,58.0,0,0,1,0,0,0,0,0,4945
65,4.5,data scientist,78.6,0,CA,private,1 to 1000 employees,7.0,1,0,0,0,0,0,0,0,5007
66,3.8,data scientist,61.0,3,PA,public,5000+ employees,75.0,1,0,1,0,1,0,0,0,2493
67,2.2,data scientist,78.6,0,VA,private,1 to 1000 employees,23.0,1,0,0,1,1,1,1,0,4000
68,2.8,data scientist,88.0,0,MA,private,1 to 1000 employees,17.0,1,1,0,0,1,0,1,1,1939
69,4.7,data scientist,60.0,0,GA,private,1 to 1000 employees,20.0,1,0,0,0,1,0,1,0,3081
70,4.9,data scientist,78.6,0,NJ,private,1 to 1000 employees,10.0,1,1,1,0,0,1,0,1,2689
71,3.1,data scientist,41.0,4,MA,public,1 to 1000 employees,24.0,1,0,0,0,1,0,0,0,8397
72,3.2,data scientist,96.0,0,PA,private,1 to 1000 employees,44.9,1,0,0,1,1,1,0,0,2306
73,3.6,director,139.0,0,IL,public,5000+ employees,96.0,1,0,0,0,1,0,1,0,2903
74,3.9,data scientist,85.0,3,VA,private,1 to 1000 employees,13.0,1,0,0,0,1,1,0,1,4427
75,3.1,data scientist,74.0,3,PA,private,1001 to 5000 employees,163.0,1,0,1,0,0,0,0,0,2609
76,4.0,data scientist,99.0,0,WA,public,5000+ employees,84.0,0,0,1,1,1,1,0,1,4295
77,4.3,data scientist,79.0,0,CA,private,1 to 1000 employees,12.0,1,1,1,1,0,1,1,1,3405
78,3.3,data scientist,83.0,0,VA,private,1001 to 5000 employees,6.0,1,0,0,0,0,0,1,0,3381
79,4.4,data scientist,86.0,3,CA,private,5000+ employees,28.0,1,0,0,0,0,0,1,0,879
80,3.9,data scientist,94.0,0,CA,private,1 to 1000 employees,7.0,1,1,0,0,1,0,0,0,4189
81,4.7,data analyst,37.0,0,PA,private,1 to 1000 employees,26.0,0,0,0,0,0,0,1,0,4424
82,4.5,data scientist,100.0,3,MD,nonprofit organization,5000+ employees,81.0,1,0,0,0,0,0,1,0,2996
83,4.3,data analyst,55.0,3,IL,private,1 to 1000 employees,15.0,0,0,0,0,1,0,1,0,3682
84,4.0,data engineer,60.0,0,VA,private,1 to 1000 employees,21.0,1,1,0,1,1,0,1,0,3819
85,4.4,data analyst,39.0,0,WA,private,1 to 1000 employees,75.0,0,1,0,0,0,0,1,0,1791
86,3.2,data scientist,106.0,3,TX,public,5000+ employees,61.0,0,0,0,0,1,0,0,0,3934
87,3.8,data scientist,86.0,0,CA,private,1 to 1000 employees,18.0,1,0,1,1,1,1,1,1,3804
88,4.2,data scientist,64.0,0,FL,private,1 to 1000 employees,15.0,1,1,0,0,1,1,1,0,3204
89,4.9,mle,78.6,0,CA,private,1 to 1000 employees,5.0,1,0,0,0,0,0,1,1,3058
90,3.5,data analyst,34.0,0,LA,private,1 to 1000 employees,24.0,0,0,0,0,1,0,1,0,2772
91,4.7,data engineer,78.6,0,CA,private,1 to 1000 employees,13.0,1,0,0,0,1,1,0,0,2790
92,3.9,data scientist,64.0,0,GA,public,5000+ employees,55.0,1,0,0,0,1,1,0,0,2380
93,4.0,data scientist,78.6,0,TX,contract,1 to 1000 employees,26.0,1,0,0,0,0,0,0,1,3022
94,4.2,data analyst,52.0,0,MD,private,1001 to 5000 employees,35.0,0,0,0,0,0,0,1,0,2337
95,3.2,data scientist,72.0,3,VA,nonprofit organization,5000+ employees,65.0,1,0,0,0,1,0,1,0,5342
96,3.9,data scientist,74.0,3,VA,private,1 to 1000 employees,13.0,1,0,0,0,0,0,1,0,2588
97,3.1,data analyst,40.0,3,WI,private,1001 to 5000 employees,22.0,0,0,0,0,1,0,1,0,4203
98,4.1,data scientist,102.0,0,MD,private,1 to 1000 employees,16.0,1,1,0,0,0,0,0,0,5467
99,3.8,data scientist,89.0,0,NY,private,1 to 1000 employees,11.0,1,1,1,0,0,1,0,0,3443
100,4.7,data scientist,61.0,3,NY,private,1 to 1000 employees,31.0,1,0,0,0,1,0,0,0,3316
101,3.8,data scientist,78.6,0,FL,other,1 to 1000 employees,44.9,1,0,0,0,1,0,1,0,3082
102,4.5,data engineer,78.6,0,VA,private,1 to 1000 employees,24.0,0,0,0,1,0,1,1,0,2131
103,4.3,data scientist,65.0,3,TX,subsidiary or business segment,1001 to 5000 employees,8.0,1,0,1,0,1,0,0,0,3717
104,4.2,data scientist,200.0,3,DC,private,1001 to 5000 employees,88.0,1,0,0,0,0,0,1,1,3301
105,3.9,data engineer,68.0,3,NC,private,1001 to 5000 employees,26.0,1,1,0,0,1,1,0,0,5483
106,3.3,data scientist,80.0,0,MI,public,5000+ employees,29.0,1,0,0,1,1,1,1,0,4753
107,4.7,data analyst,41.0,3,NJ,private,1 to 1000 employees,11.0,0,0,0,0,1,0,1,0,5609
108,4.3,data analyst,39.0,0,AZ,private,1 to 1000 employees,13.0,0,0,0,0,1,0,1,0,3209
109,4.5,data scientist,121.0,3,CA,private,1 to 1000 employees,17.0,0,1,0,1,0,1,0,0,5139
110,3.4,data engineer,54.0,2,NJ,private,1 to 1000 employees,4.0,1,0,0,0,1,0,0,0,2232
111,3.7,data scientist,83.0,3,MA,public,5000+ employees,242.0,1,1,1,0,1,1,0,1,3731
112,4.6,data scientist,120.0,2,NY,private,1 to 1000 employees,14.0,1,1,0,0,0,1,0,0,4574
113,3.2,data scientist,102.0,0,CA,private,1 to 1000 employees,8.0,0,1,1,0,0,1,1,1,3158
114,4.0,data engineer,76.0,0,CA,public,5000+ employees,41.0,1,1,0,0,1,1,0,0,3443
115,4.6,data scientist,60.0,0,IN,private,1 to 1000 employees,86.0,0,0,0,0,0,0,0,0,741
116,2.8,data scientist,82.0,0,MD,private,1 to 1000 employees,23.0,1,0,0,0,0,0,0,1,3899
117,4.7,data engineer,65.0,2,MN,private,1 to 1000 employees,27.0,0,1,0,1,1,1,0,0,2896
118,4.9,data scientist,78.6,0,CA,private,1 to 1000 employees,6.0,1,1,0,0,1,0,1,1,4394
119,3.1,data scientist,78.6,2,MD,private,1 to 1000 employees,35.0,1,0,0,0,1,0,1,1,5965
120,3.0,data scientist,91.0,3,CA,nonprofit organization,1001 to 5000 employees,26.0,1,0,0,0,1,1,0,0,3947
121,3.2,data engineer,95.0,3,NC,private,1001 to 5000 employees,23.0,0,1,0,1,1,1,0,0,2620
122,4.4,data scientist,77.0,0,MA,private,1 to 1000 employees,24.0,1,0,0,0,1,0,1,0,4188
123,3.5,data scientist,80.0,0,OH,public,1001 to 5000 employees,145.0,1,0,0,0,1,0,0,0,7231
124,4.0,data engineer,85.0,0,DC,private,1 to 1000 employees,8.0,1,1,0,1,1,1,0,0,4064
125,4.3,data engineer,80.0,3,IL,public,1001 to 5000 employees,30.0,1,1,0,0,1,1,1,0,8175
126,2.3,data analyst,43.0,0,MD,private,1 to 1000 employees,37.0,0,0,0,0,1,0,1,0,1822
127,3.9,data scientist,78.6,0,NJ,private,5000+ employees,112.0,1,0,0,0,1,1,0,0,3156
128,3.6,data scientist,82.0,0,CA,private,1001 to 5000 employees,57.0,0,0,0,0,0,0,1,1,3987
129,3.8,manager,26.0,0,MO,private,1 to 1000 employees,6.0,1,0,0,1,1,0,1,0,4154
130,3.7,data scientist,61.0,3,VA,public,5000+ employees,65.0,1,1,0,0,1,1,0,1,5002
131,4.4,data scientist,60.0,0,IL,private,1 to 1000 employees,15.0,1,0,0,1,1,0,1,0,3154
132,3.6,data scientist,78.6,0,CA,private,1 to 1000 employees,44.9,1,0,1,0,0,1,0,1,3882
133,4.0,data scientist,112.0,3,VA,private,1 to 1000 employees,11.0,1,0,1,1,0,0,0,0,3698
134,3.2,data scientist,64.0,3,TX,private,1001 to 5000 employees,65.0,1,1,0,0,1,0,1,0,3991
135,4.5,data analyst,78.6,0,VA,private,1 to 1000 employees,6.0,0,0,0,0,1,0,1,0,5546
136,4.3,mle,72.0,0,CO,private,1 to 1000 employees,16.0,1,0,1,1,1,1,1,0,3549
137,3.4,data scientist,71.0,3,NY,private,1001 to 5000 employees,80.0,1,1,0,0,1,1,1,0,7548
138,4.1,data scientist,64.0,0,VA,public,5000+ employees,55.0,0,0,0,0,1,0,0,0,3490
139,4.3,data scientist,118.0,0,CA,private,1 to 1000 employees,12.0,1,0,0,1,0,1,1,0,4163
140,5.0,data engineer,120.0,0,FL,private,1 to 1000 employees,6.0,0,0,0,0,0,0,0,0,688
141,4.3,data engineer,80.0,3,IL,private,1 to 1000 employees,15.0,0,0,0,0,1,1,1,0,3055
142,4.0,data engineer,78.6,2,CA,private,1 to 1000 employees,44.9,1,1,0,0,1,0,1,0,3127
143,3.7,data scientist,80.0,0,CO,private,1 to 1000 employees,12.0,1,0,0,0,1,0,0,1,3353
144,4.2,data engineer,59.0,0,UT,nonprofit organization,5000+ employees,44.9,0,0,0,1,0,0,1,0,3066
145,4.3,data analyst,71.0,3,CA,private,1 to 1000 employees,10.0,0,0,0,0,1,0,1,0,1806
146,3.8,data scientist,49.0,3,WA,public,1001 to 5000 employees,58.0,1,0,0,0,0,0,0,1,6844
147,3.9,data engineer,60.0,3,DC,private,5000+ employees,23.0,0,0,0,0,0,0,0,0,3217
148,4.3,data scientist,71.0,0,IL,private,1 to 1000 employees,12.0,1,1,1,1,0,1,1,1,3405
149,3.8,data scientist,75.0,3,OH,private,1 to 1000 employees,36.0,1,0,0,0,1,0,1,0,5526
150,4.1,data analyst,78.6,3,TX,public,5000+ employees,35.0,0,0,0,0,0,0,1,0,4218
151,3.8,data engineer,77.0,0,TN,nonprofit organization,5000+ employees,78.0,0,0,0,0,1,0,1,0,5743
152,3.8,data scientist,74.0,3,WA,public,1001 to 5000 employees,58.0,0,0,0,0,0,0,0,1,4904
153,4.8,data analyst,44.0,0,FL,private,1 to 1000 employees,13.0,1,0,0,0,1,0,1,0,2934
154,3.9,data engineer,59.0,0,MA,private,1 to 1000 employees,18.0,1,1,0,0,1,1,0,0,2075
155,3.4,manager,85.0,0,NJ,public,1001 to 5000 employees,177.0,1,0,0,0,0,0,1,0,2962
156,3.6,data scientist,124.0,0,MA,private,5000+ employees,172.0,1,0,0,1,1,1,0,1,4414
157,3.9,data scientist,131.0,0,CA,subsidiary or business segment,5000+ employees,47.0,1,0,0,0,1,1,1,1,7106
158,3.8,data scientist,110.0,0,CA,public,5000+ employees,27.0,1,1,1,1,0,1,1,1,2397
159,4.4,data scientist,78.6,0,VA,private,1 to 1000 employees,10.0,1,0,0,1,1,0,0,0,2199
160,4.1,data scientist,78.6,0,VA,public,5000+ employees,55.0,1,1,0,0,1,1,0,1,5516
161,3.8,data scientist,81.0,0,MD,private,1 to 1000 employees,42.0,1,0,0,0,1,0,1,0,3010
162,3.5,data scientist,132.0,2,CA,public,5000+ employees,53.0,1,0,0,1,1,0,0,1,4486
163,3.5,data scientist,78.6,3,CO,public,5000+ employees,61.0,0,0,0,0,0,0,0,0,3982
164,3.9,data scientist,73.0,0,TX,private,1 to 1000 employees,10.0,0,1,0,0,0,0,1,1,6909
165,4.2,data scientist,110.0,0,CA,private,1 to 1000 employees,13.0,0,0,0,0,1,0,0,0,3512
166,4.2,data engineer,74.0,0,UT,nonprofit organization,5000+ employees,44.9,0,0,0,0,0,0,1,0,2617
167,2.9,data analyst,43.0,3,VA,nonprofit organization,1 to 1000 employees,30.0,1,0,0,0,1,0,1,0,5736
168,5.0,director,78.6,0,CA,public,1 to 1000 employees,10.0,0,0,0,1,0,0,1,1,4503
169,5.0,data scientist,78.6,0,NJ,public,1 to 1000 employees,4.0,1,0,0,0,1,0,1,0,3344
170,2.7,data scientist,91.0,0,WI,public,1 to 1000 employees,72.0,1,0,0,0,1,0,0,0,6467
171,4.0,data scientist,116.0,0,CA,public,5000+ employees,41.0,1,1,1,0,1,1,0,1,2525
172,4.3,manager,59.0,0,MI,private,1 to 1000 employees,56.0,0,0,0,0,1,0,1,0,1961
173,4.2,data engineer,48.0,2,FL,public,1 to 1000 employees,17.0,1,1,0,1,1,1,1,0,10051
174,3.6,data analyst,31.0,0,CA,subsidiary or business segment,1 to 1000 employees,17.0,0,0,0,0,0,0,1,0,4353
175,2.8,data analyst,55.0,0,NJ,private,1 to 1000 employees,9.0,1,0,0,0,1,0,1,0,5894
176,3.3,data scientist,73.0,2,NJ,private,1001 to 5000 employees,41.0,0,0,0,0,1,0,1,1,3239
177,3.8,data scientist,200.0,0,CA,private,1 to 1000 employees,6.0,1,0,0,1,0,0,1,0,1632
178,3.4,data scientist,111.0,0,NY,public,1001 to 5000 employees,75.0,1,0,1,1,1,1,0,0,4835
179,4.1,data analyst,44.0,0,MO,private,1 to 1000 employees,62.0,0,0,0,0,1,0,1,0,2886
180,3.8,data scientist,78.6,0,PA,private,unknown,44.9,0,0,0,0,0,0,0,0,715
181,3.2,director,83.0,3,AZ,public,1001 to 5000 employees,15.0,1,0,1,0,1,0,1,0,1925
182,3.9,data scientist,114.0,0,CA,private,1 to 1000 employees,14.0,1,0,0,0,0,0,0,1,2364
183,4.7,data analyst,42.0,2,AL,private,1 to 1000 employees,27.0,1,0,0,0,0,0,1,0,3088
184,4.0,data scientist,78.6,0,IL,contract,1 to 1000 employees,26.0,1,1,1,0,1,1,0,1,2397
185,4.5,data engineer,78.6,0,VA,private,1 to 1000 employees,24.0,1,0,0,1,0,0,0,0,1849
186,3.7,data scientist,114.0,0,MA,public,5000+ employees,171.0,1,0,0,0,1,0,1,1,5123
187,5.0,mle,78.6,0,GA,private,1 to 1000 employees,19.0,1,0,1,0,0,1,1,1,1869
188,4.7,data scientist,108.0,0,UT,private,1 to 1000 employees,10.0,1,0,1,1,0,0,0,0,4819
189,3.7,data engineer,48.0,0,LA,private,1 to 1000 employees,44.9,0,0,0,0,1,0,1,0,3670
190,4.2,data engineer,78.6,0,UT,nonprofit organization,5000+ employees,44.9,0,0,0,0,1,0,0,0,3546
191,4.4,data scientist,78.6,0,CA,private,1 to 1000 employees,13.0,1,0,0,0,1,0,1,0,2854
192,3.9,mle,138.0,2,CA,private,1 to 1000 employees,16.0,1,0,1,0,1,1,0,0,2015
193,4.1,data engineer,190.0,3,CA,private,1 to 1000 employees,13.0,1,0,0,1,1,1,0,0,4037
194,4.2,data engineer,78.6,0,TX,private,1 to 1000 employees,9.0,1,1,0,1,1,1,0,0,3469
195,3.8,manager,78.6,0,NY,other,1 to 1000 employees,44.9,1,0,0,0,0,0,1,0,3157
196,3.6,data analyst,35.0,0,CA,private,1001 to 5000 employees,37.0,0,0,0,0,1,0,1,0,4608
197,4.5,data scientist,78.6,0,CA,private,1 to 1000 employees,24.0,1,0,0,1,1,1,1,0,2405
198,4.1,data engineer,78.6,0,GA,private,1 to 1000 employees,16.0,0,0,0,0,0,0,0,0,896
199,3.5,manager,42.0,0,CA,nonprofit organization,1 to 1000 employees,27.0,0,0,0,0,1,0,0,0,3846
200,3.0,data engineer,69.0,3,TN,private,5000+ employees,65.0,1,0,0,0,1,0,0,0,2133
201,4.2,data engineer,78.6,0,UT,nonprofit organization,5000+ employees,44.9,0,0,0,0,1,0,1,0,3384
202,3.4,data engineer,75.0,3,IL,public,1001 to 5000 employees,18.0,0,1,0,0,1,0,0,0,4288
203,3.9,data scientist,78.6,0,OR,private,5000+ employees,112.0,1,0,0,1,0,1,0,0,3703
204,3.8,data scientist,86.0,0,IL,private,1 to 1000 employees,28.0,1,0,0,1,1,0,1,1,6408
205,3.7,data scientist,66.0,3,VA,public,5000+ employees,28.0,1,0,0,0,1,1,1,0,5298
206,4.8,data scientist,76.0,0,WI,private,1001 to 5000 employees,98.0,0,0,0,0,0,0,0,1,1806
207,3.8,data analyst,44.0,3,NY,private,1001 to 5000 employees,21.0,0,0,0,0,1,0,1,0,2469
208,4.3,data scientist,53.0,0,TX,subsidiary or business segment,1 to 1000 employees,24.0,1,1,0,1,1,1,1,1,5775
209,4.8,data analyst,44.0,0,FL,private,1 to 1000 employees,13.0,1,0,0,0,1,0,1,0,2934
210,3.4,manager,85.0,0,NJ,public,1001 to 5000 employees,177.0,1,0,0,0,0,0,1,0,2962
211,3.9,data engineer,59.0,0,MA,private,1 to 1000 employees,18.0,1,1,0,0,1,1,0,0,2075
212,3.4,data scientist,64.0,0,IL,private,1 to 1000 employees,31.0,0,0,0,0,1,0,0,0,4082
213,3.1,data analyst,65.0,3,CA,public,1001 to 5000 employees,26.0,1,0,0,0,1,0,1,0,3123
214,3.2,data scientist,60.0,3,VA,nonprofit organization,5000+ employees,65.0,1,0,0,0,0,1,0,0,3144
215,4.3,data analyst,53.0,2,OH,private,1001 to 5000 employees,42.0,0,1,0,0,1,0,0,0,1884
216,3.6,data scientist,124.0,0,MA,private,5000+ employees,172.0,1,0,0,1,1,1,0,1,4414
217,3.9,data scientist,131.0,0,CA,subsidiary or business segment,5000+ employees,47.0,1,0,0,0,1,1,1,1,7106
218,3.8,data scientist,110.0,0,CA,public,5000+ employees,27.0,1,1,1,1,0,1,1,1,2397
219,2.8,data analyst,33.0,0,CA,nonprofit organization,1 to 1000 employees,44.9,0,0,0,0,0,0,1,0,5435
220,4.4,data scientist,78.6,0,VA,private,1 to 1000 employees,10.0,1,0,0,1,1,0,0,0,2199
221,4.1,data scientist,78.6,0,VA,public,5000+ employees,55.0,1,1,0,0,1,1,0,1,5516
222,3.4,data analyst,48.0,0,CA,private,1 to 1000 employees,10.0,1,0,0,0,1,0,1,0,5483
223,4.0,data analyst,34.0,0,ID,private,1 to 1000 employees,39.0,1,0,0,0,1,0,1,0,2505
224,3.5,data scientist,132.0,2,CA,public,5000+ employees,53.0,1,0,0,1,1,0,0,1,4486
225,3.8,data scientist,81.0,0,MD,private,1 to 1000 employees,42.0,1,0,0,0,1,0,1,0,3010
226,3.7,data analyst,42.0,0,NJ,private,1 to 1000 employees,27.0,0,1,0,0,0,0,1,0,2774
227,3.5,data scientist,78.6,3,CO,public,5000+ employees,61.0,0,0,0,0,0,0,0,0,3982
228,3.5,data scientist,66.0,0,IN,private,1 to 1000 employees,4.0,0,0,0,1,0,0,0,0,7107
229,4.2,data engineer,74.0,0,UT,nonprofit organization,5000+ employees,44.9,0,0,0,0,0,0,1,0,2617
230,4.0,data scientist,63.0,0,MA,public,5000+ employees,174.0,1,0,0,1,0,0,1,0,3698
231,4.3,data scientist,63.0,0,KY,nonprofit organization,1 to 1000 employees,88.0,1,0,0,0,1,0,1,0,2907
232,2.5,data analyst,78.6,0,NE,private,1001 to 5000 employees,45.0,1,0,0,0,1,0,1,0,1145
233,4.4,data engineer,62.0,3,TN,public,1001 to 5000 employees,17.0,1,1,0,1,1,1,1,0,4471
234,4.1,data engineer,71.0,3,IL,private,1 to 1000 employees,22.0,1,1,0,1,1,1,0,0,4948
235,2.9,data analyst,43.0,3,VA,nonprofit organization,1 to 1000 employees,30.0,1,0,0,0,1,0,1,0,5736
236,2.5,data scientist,74.0,3,OR,public,1001 to 5000 employees,24.0,1,0,0,0,1,1,0,0,4466
237,4.2,data analyst,55.0,3,MN,private,1 to 1000 employees,31.0,1,0,0,0,1,0,1,0,2385
238,3.9,data scientist,15.0,0,NY,private,1001 to 5000 employees,57.0,0,0,0,0,0,0,1,0,5019
239,5.0,data scientist,78.6,0,NJ,public,1 to 1000 employees,4.0,1,0,0,0,1,0,1,0,3344
240,5.0,director,78.6,0,CA,public,1 to 1000 employees,10.0,0,0,0,1,0,0,1,1,4503
241,4.3,data scientist,61.0,0,TX,private,1 to 1000 employees,13.0,1,0,0,0,1,0,1,0,3111
242,2.7,data scientist,91.0,0,WI,public,1 to 1000 employees,72.0,1,0,0,0,1,0,0,0,6467
243,4.3,data analyst,78.6,0,MI,private,1 to 1000 employees,30.0,1,0,0,0,1,0,1,0,3722
244,3.9,data scientist,127.0,0,CA,subsidiary or business segment,5000+ employees,47.0,0,0,0,0,1,0,1,1,4502
245,4.5,data scientist,78.6,0,MO,private,1 to 1000 employees,30.0,1,1,0,0,0,0,0,1,4149
246,4.2,data scientist,78.6,0,DC,private,1 to 1000 employees,15.0,1,1,0,0,1,0,1,0,5454
247,3.4,data analyst,74.0,1,RI,nonprofit organization,1 to 1000 employees,84.0,0,0,0,1,1,0,0,0,4837
248,3.3,data analyst,37.0,0,DC,nonprofit organization,1 to 1000 employees,140.0,0,0,0,0,1,0,1,0,4135
249,3.4,data engineer,67.0,0,TX,private,1 to 1000 employees,17.0,1,1,0,1,1,0,0,0,3799
250,3.0,data scientist,72.0,0,OH,private,1001 to 5000 employees,136.0,1,0,0,0,1,0,0,0,3421
251,4.0,data scientist,116.0,0,CA,public,5000+ employees,41.0,1,1,1,0,1,1,0,1,2525
252,3.7,data scientist,78.0,3,NC,public,1001 to 5000 employees,19.0,1,1,0,1,1,1,1,0,5558
253,4.3,manager,59.0,0,MI,private,1 to 1000 employees,56.0,0,0,0,0,1,0,1,0,1961
254,5.0,data scientist,78.6,0,NY,private,1 to 1000 employees,7.0,1,1,0,1,1,1,0,0,3873
255,4.0,data scientist,63.0,0,CT,public,5000+ employees,174.0,0,0,0,1,0,0,1,0,5015
256,4.0,data scientist,109.0,3,VA,private,1 to 1000 employees,11.0,1,0,1,1,0,0,0,0,3760
257,3.2,data scientist,116.0,0,PA,private,1 to 1000 employees,44.9,1,1,0,1,0,1,1,0,1817
258,4.2,data engineer,48.0,2,FL,public,1 to 1000 employees,17.0,1,1,0,1,1,1,1,0,10051
259,3.9,data scientist,83.0,0,CA,private,1 to 1000 employees,23.0,1,0,1,0,1,1,0,0,3029
260,3.6,data analyst,31.0,0,CA,subsidiary or business segment,1 to 1000 employees,17.0,0,0,0,0,0,0,1,0,4353
261,2.8,data analyst,55.0,0,NJ,private,1 to 1000 employees,9.0,1,0,0,0,1,0,1,0,5894
262,4.2,data analyst,45.0,0,ID,private,1 to 1000 employees,19.0,0,0,0,0,1,0,1,0,2643
263,5.0,data scientist,78.6,0,CA,private,1 to 1000 employees,7.0,1,0,0,1,1,0,0,0,3177
264,4.0,data scientist,83.0,0,CA,private,1 to 1000 employees,44.9,1,0,0,0,1,0,0,0,714
265,4.6,data scientist,78.6,0,CA,private,1 to 1000 employees,11.0,1,0,0,0,1,0,0,0,2476
266,3.5,data scientist,70.0,0,TN,public,5000+ employees,173.0,1,0,1,0,0,0,0,0,3796
267,3.8,data scientist,200.0,0,CA,private,1 to 1000 employees,6.0,1,0,0,1,0,0,1,0,1632
268,3.2,data engineer,70.0,3,CA,public,1001 to 5000 employees,15.0,1,1,0,1,1,0,1,0,2501
269,3.3,data scientist,73.0,2,NJ,private,1001 to 5000 employees,41.0,0,0,0,0,1,0,1,1,3239
270,3.9,data engineer,54.0,3,IA,private,1001 to 5000 employees,75.0,0,0,0,0,1,0,1,0,3490
271,3.6,data engineer,78.6,0,MA,public,1 to 1000 employees,133.0,0,0,0,0,1,0,1,0,3613
272,3.7,data engineer,78.6,0,MA,private,1 to 1000 employees,9.0,0,1,0,1,1,1,0,0,3987
273,3.4,data scientist,111.0,0,NY,public,1001 to 5000 employees,75.0,1,0,1,1,1,1,0,0,4835
274,3.6,data analyst,78.6,0,WA,private,1 to 1000 employees,27.0,0,0,0,0,1,0,1,0,1778
275,3.5,data scientist,68.0,3,CA,public,5000+ employees,26.0,1,0,0,0,1,0,1,0,1231
276,4.3,data analyst,42.0,0,NJ,public,1 to 1000 employees,121.0,0,0,0,1,1,0,0,0,6600
277,4.7,data analyst,78.6,0,MI,private,1 to 1000 employees,24.0,0,0,0,1,1,0,1,0,4455
278,4.1,data analyst,44.0,0,MO,private,1 to 1000 employees,62.0,0,0,0,0,1,0,1,0,2886
279,3.8,data scientist,78.6,0,PA,private,unknown,44.9,0,0,0,0,0,0,0,0,715
280,3.6,data scientist,95.0,0,NY,public,1001 to 5000 employees,279.0,1,0,0,0,0,0,0,0,2041
281,3.5,data scientist,75.0,0,OR,private,1001 to 5000 employees,71.0,1,0,1,1,1,1,1,0,4420
282,3.6,data scientist,72.0,0,MI,private,1001 to 5000 employees,26.0,1,0,0,0,1,0,0,0,3342
283,2.3,data scientist,76.0,0,DC,public,1 to 1000 employees,20.0,1,0,0,0,1,0,1,1,1727
284,3.9,data scientist,114.0,0,CA,private,1 to 1000 employees,14.0,1,0,0,0,0,0,0,1,2364
285,4.0,data scientist,108.0,3,VA,private,1 to 1000 employees,11.0,1,0,0,1,1,0,0,0,4637
286,4.1,data scientist,130.0,0,CA,private,1 to 1000 employees,16.0,0,0,0,1,1,0,1,0,4743
287,3.2,director,83.0,3,AZ,public,1001 to 5000 employees,15.0,1,0,1,0,1,0,1,0,1925
288,4.7,data analyst,42.0,2,AL,private,1 to 1000 employees,27.0,1,0,0,0,0,0,1,0,3088
289,4.6,data engineer,52.0,0,TX,private,1 to 1000 employees,41.0,0,1,0,0,1,1,0,0,2047
290,3.7,data scientist,105.0,3,NY,public,5000+ employees,160.0,1,0,0,0,1,0,1,1,4929
291,4.0,data scientist,78.6,0,IL,contract,1 to 1000 employees,26.0,1,1,1,0,1,1,0,1,2397
292,3.8,data analyst,78.6,0,CA,private,1 to 1000 employees,44.9,0,0,0,0,0,0,0,0,1030
293,4.5,data engineer,78.6,0,VA,private,1 to 1000 employees,24.0,1,0,0,1,0,0,0,0,1849
294,3.7,data engineer,71.0,3,MA,public,5000+ employees,242.0,1,1,0,1,1,1,1,0,4475
295,5.0,mle,78.6,0,GA,private,1 to 1000 employees,19.0,1,0,1,0,0,1,1,1,1869
296,3.7,data scientist,114.0,0,MA,public,5000+ employees,171.0,1,0,0,0,1,0,1,1,5123
297,3.6,data analyst,60.0,0,MA,private,5000+ employees,172.0,1,0,0,0,1,0,0,0,4898
298,3.4,data analyst,55.0,3,DC,subsidiary or business segment,5000+ employees,27.0,0,0,0,0,1,0,1,0,3256
299,4.1,data engineer,67.0,0,VA,public,5000+ employees,55.0,0,0,0,0,1,0,0,0,3243
300,3.8,data scientist,92.0,0,MA,public,5000+ employees,27.0,0,0,0,0,0,0,0,0,1937
301,5.0,data analyst,78.6,0,MA,private,1 to 1000 employees,18.0,1,1,0,0,1,0,1,0,2487
302,3.6,data scientist,78.6,0,CA,subsidiary or business segment,1001 to 5000 employees,44.9,1,0,0,1,0,0,0,0,4341
303,4.0,data engineer,116.0,0,CA,public,5000+ employees,41.0,1,1,0,0,1,1,1,0,2447
304,4.2,data scientist,78.6,0,VA,subsidiary or business segment,1 to 1000 employees,24.0,1,0,0,0,0,0,1,1,2312
305,4.4,data engineer,62.0,0,IN,private,1 to 1000 employees,8.0,1,0,0,0,0,1,0,0,1868
306,3.8,data scientist,86.0,0,MA,public,5000+ employees,27.0,1,0,0,0,0,0,0,0,5045
307,3.8,data scientist,93.0,0,CA,public,5000+ employees,27.0,1,1,1,0,1,1,1,0,2327
308,2.2,data scientist,84.0,3,TX,subsidiary or business segment,1 to 1000 employees,30.0,0,0,0,0,0,0,0,0,6612
309,4.1,data analyst,52.0,0,VA,public,5000+ employees,55.0,0,0,0,0,0,0,0,0,4755
310,4.3,data analyst,78.6,0,MO,private,1001 to 5000 employees,159.0,0,0,0,0,1,0,0,0,2480
311,3.7,data engineer,48.0,0,LA,private,1 to 1000 employees,44.9,0,0,0,0,1,0,1,0,3670
312,3.8,data scientist,56.0,3,WA,public,1001 to 5000 employees,58.0,1,0,0,0,0,0,0,1,6411
313,3.6,data engineer,65.0,0,MA,private,5000+ employees,172.0,1,1,0,0,0,1,1,0,2929
314,4.0,data engineer,78.6,0,TX,public,1 to 1000 employees,25.0,0,0,0,1,1,0,0,0,3874
315,4.7,data scientist,108.0,0,UT,private,1 to 1000 employees,10.0,1,0,1,1,0,0,0,0,4819
316,3.6,data scientist,78.6,0,CA,public,1001 to 5000 employees,7.0,1,0,0,0,0,0,1,0,2905
317,3.3,data scientist,127.0,0,CA,private,1 to 1000 employees,15.0,0,0,0,0,0,0,0,0,1688
318,3.4,data analyst,31.0,0,FL,public,1 to 1000 employees,32.0,0,0,0,0,0,0,0,0,2290
319,4.4,data engineer,75.0,0,VA,private,1 to 1000 employees,8.0,1,1,0,0,0,1,0,0,2353
320,3.8,data engineer,105.0,3,TX,private,1 to 1000 employees,13.0,0,1,0,1,0,1,0,1,3297
321,3.5,data engineer,45.0,0,DC,private,1001 to 5000 employees,16.0,0,1,0,1,1,1,1,0,4582
322,4.2,data engineer,78.6,0,UT,nonprofit organization,5000+ employees,44.9,0,0,0,0,1,0,0,0,3546
323,3.5,data scientist,95.0,0,NC,public,1001 to 5000 employees,6.0,1,0,0,0,0,1,1,0,3870
324,4.4,data analyst,78.6,0,CA,private,1 to 1000 employees,13.0,1,0,0,0,0,0,1,0,693
325,2.9,data engineer,80.0,3,CA,private,1 to 1000 employees,25.0,1,0,0,0,1,1,0,0,3333
326,3.9,data analyst,36.0,3,PA,nonprofit organization,1 to 1000 employees,86.0,1,0,0,0,1,0,0,0,3971
327,4.4,data scientist,78.6,0,CA,private,1 to 1000 employees,13.0,1,0,0,0,1,0,1,0,2854
328,3.7,data analyst,50.0,3,VA,private,1 to 1000 employees,34.0,0,0,0,0,1,0,1,0,2632
329,3.6,director,67.0,0,MA,private,5000+ employees,172.0,0,0,0,0,0,0,0,0,4425
330,3.5,data scientist,82.0,1,CA,private,1001 to 5000 employees,54.0,1,1,0,1,0,1,0,1,5000
331,4.7,data scientist,85.0,3,MA,private,1 to 1000 employees,49.0,1,0,0,0,0,0,1,0,2161
332,3.9,mle,138.0,2,CA,private,1 to 1000 employees,16.0,1,0,1,0,1,1,0,0,2015
333,3.7,data analyst,42.0,3,IL,public,5000+ employees,95.0,1,1,0,0,1,1,0,0,5768
334,4.1,data engineer,190.0,3,CA,private,1 to 1000 employees,13.0,1,0,0,1,1,1,0,0,4037
335,4.2,data engineer,78.6,0,TX,private,1 to 1000 employees,9.0,1,1,0,1,1,1,0,0,3469
336,3.6,manager,34.0,0,MA,private,5000+ employees,172.0,0,0,0,0,0,0,1,0,5647
337,3.5,data engineer,65.0,0,CA,private,1 to 1000 employees,10.0,1,0,0,1,1,1,1,0,5743
338,3.3,manager,78.6,0,FL,private,1 to 1000 employees,42.0,0,0,0,0,1,0,1,0,5264
339,3.8,manager,78.6,0,NY,other,1 to 1000 employees,44.9,1,0,0,0,0,0,1,0,3157
340,3.6,data analyst,35.0,0,CA,private,1001 to 5000 employees,37.0,0,0,0,0,1,0,1,0,4608
341,3.7,mle,61.0,0,KS,public,1 to 1000 employees,50.0,1,0,0,0,1,0,1,0,2860
342,3.2,data engineer,43.0,3,NY,private,1 to 1000 employees,20.0,1,0,0,1,1,0,1,0,2926
343,4.5,data scientist,78.6,0,CA,private,1 to 1000 employees,24.0,1,0,0,1,1,1,1,0,2405
344,3.7,data engineer,113.0,3,MA,public,5000+ employees,242.0,0,0,0,1,1,1,1,1,6817
345,4.4,data scientist,97.0,0,IL,private,1 to 1000 employees,15.0,1,0,0,1,1,0,1,0,3160
346,4.1,data engineer,78.6,0,GA,private,1 to 1000 employees,16.0,0,0,0,0,0,0,0,0,896
347,3.1,data analyst,78.6,1,TN,private,1 to 1000 employees,21.0,0,1,0,1,1,0,0,0,6342
348,3.7,data analyst,78.6,3,VA,private,1 to 1000 employees,34.0,0,0,0,0,0,0,1,0,3085
349,3.8,data scientist,78.6,0,MA,public,5000+ employees,27.0,0,0,0,0,0,0,1,0,1911
350,3.5,manager,42.0,0,CA,nonprofit organization,1 to 1000 employees,27.0,0,0,0,0,1,0,0,0,3846
351,3.0,data engineer,69.0,3,TN,private,5000+ employees,65.0,1,0,0,0,1,0,0,0,2133
352,4.2,data scientist,110.0,0,CA,private,1 to 1000 employees,13.0,0,0,0,0,0,0,0,1,3833
353,4.1,data scientist,78.6,0,IL,private,1 to 1000 employees,8.0,1,0,0,0,0,0,0,0,4173
354,3.9,data scientist,102.0,3,NY,public,5000+ employees,110.0,1,1,0,0,0,0,0,1,3169
355,4.0,data engineer,74.0,0,CO,nonprofit organization,1 to 1000 employees,108.0,1,0,0,1,1,0,0,0,4701
356,4.4,data scientist,108.0,0,MA,private,1001 to 5000 employees,39.0,1,0,0,0,1,0,0,0,2518
357,3.4,data engineer,76.0,0,MD,private,1 to 1000 employees,24.0,0,0,0,1,0,0,0,0,3677
358,4.1,data engineer,78.6,0,NY,private,1 to 1000 employees,20.0,1,1,0,0,1,0,0,0,1343
359,3.3,director,202.0,3,IL,private,5000+ employees,111.0,1,0,0,0,0,0,0,1,4471
360,5.0,manager,78.6,0,CA,public,1 to 1000 employees,10.0,0,0,0,1,1,0,1,0,5059
361,4.2,data engineer,78.6,0,UT,nonprofit organization,5000+ employees,44.9,0,0,0,0,1,0,1,0,3384
362,3.3,data analyst,32.0,0,OH,private,1 to 1000 employees,34.0,0,0,0,0,0,0,0,0,2867
363,3.8,data scientist,78.6,0,MA,public,5000+ employees,27.0,0,0,0,0,0,0,1,0,1960
364,4.5,data engineer,87.0,0,IN,private,1 to 1000 employees,27.0,1,1,0,1,1,1,0,0,2311
365,3.9,data scientist,107.0,0,IL,public,5000+ employees,55.0,1,0,0,0,1,0,1,0,5338
366,4.8,manager,45.0,0,CA,private,1 to 1000 employees,12.0,0,0,0,0,1,0,1,0,3693
367,3.4,data engineer,61.0,0,MA,private,1001 to 5000 employees,35.0,0,0,0,0,1,1,1,0,2752
368,4.8,data engineer,78.6,1,TX,private,1 to 1000 employees,8.0,1,0,0,0,1,0,0,0,3036
369,3.8,data scientist,68.0,0,FL,subsidiary or business segment,1 to 1000 employees,39.0,1,0,0,0,1,0,1,0,2915
370,5.0,data scientist,150.0,0,DC,private,unknown,44.9,0,0,0,1,0,0,1,0,3213
371,4.2,data engineer,78.6,0,NY,private,1 to 1000 employees,9.0,1,1,0,1,1,1,0,0,3570
372,4.8,manager,78.6,0,PA,private,1 to 1000 employees,14.0,0,0,0,0,0,0,1,0,6449
373,4.0,data scientist,125.0,0,NY,public,5000+ employees,174.0,0,0,0,1,0,0,1,0,4914
374,3.8,data analyst,43.0,3,WI,public,1001 to 5000 employees,153.0,0,0,0,1,0,0,1,0,4103
375,3.9,data scientist,139.0,0,CA,private,1 to 1000 employees,14.0,1,1,0,0,1,0,1,1,3199
376,3.8,data analyst,44.0,3,NY,private,1001 to 5000 employees,21.0,0,1,0,0,1,0,1,0,2501
377,4.3,data engineer,78.0,3,NC,private,5000+ employees,33.0,1,1,0,1,0,1,0,0,4577
378,1.9,data analyst,65.0,3,NY,private,1 to 1000 employees,13.0,1,0,0,0,1,0,1,0,4537
379,3.4,data engineer,90.0,0,AZ,public,1 to 1000 employees,42.0,0,0,0,0,1,0,0,0,3889
380,4.4,data engineer,61.0,0,VA,private,1 to 1000 employees,19.0,1,1,0,1,0,1,0,0,2869
381,3.9,data scientist,93.0,0,FL,private,1 to 1000 employees,11.0,1,0,0,1,0,0,0,0,5647
382,4.7,data engineer,97.0,0,TX,private,1 to 1000 employees,13.0,1,0,1,0,1,1,0,0,4854
383,3.4,data scientist,81.0,3,MA,private,1001 to 5000 employees,80.0,0,1,0,0,1,1,1,0,8761
384,3.4,data engineer,75.0,3,IL,public,1001 to 5000 employees,18.0,0,1,0,0,1,0,0,0,4288
385,4.0,data engineer,78.6,0,WA,other,unknown,44.9,1,1,0,1,1,1,1,0,861
386,4.0,data engineer,121.0,2,CA,private,1001 to 5000 employees,16.0,1,1,0,1,0,1,1,0,3978
387,3.4,data scientist,81.0,3,OH,public,5000+ employees,45.0,0,0,1,0,1,0,1,0,1735
388,3.7,data scientist,63.0,3,IL,public,5000+ employees,98.0,0,0,0,0,0,0,0,0,2739
389,4.3,data scientist,110.0,3,IL,public,1001 to 5000 employees,30.0,1,0,0,0,1,1,1,1,9120
390,3.7,data engineer,83.0,0,IA,subsidiary or business segment,1 to 1000 employees,44.9,1,0,0,0,1,0,1,0,6569
391,4.7,data engineer,78.6,3,IL,private,1 to 1000 employees,9.0,0,1,0,1,1,0,0,0,2274
392,3.8,data scientist,60.0,3,WA,public,1001 to 5000 employees,58.0,0,0,1,0,0,0,0,1,5188
393,3.7,data analyst,78.6,0,PA,private,1 to 1000 employees,91.0,0,0,0,1,0,0,0,0,3711
394,4.6,data analyst,31.0,0,IA,private,1 to 1000 employees,31.0,0,0,0,0,1,0,1,0,4328
395,4.4,director,102.0,0,MA,public,1 to 1000 employees,20.0,0,0,0,0,0,0,1,1,5449
396,3.0,data analyst,48.0,3,PA,private,5000+ employees,40.0,0,0,0,0,1,0,1,0,3766
397,4.7,data engineer,66.0,0,CA,private,1 to 1000 employees,17.0,1,0,0,1,0,0,0,0,1504
398,3.8,data scientist,92.0,3,WA,public,1001 to 5000 employees,58.0,0,0,1,0,0,0,0,1,5186
399,2.7,data analyst,23.0,0,TN,public,5000+ employees,23.0,0,0,0,0,0,0,1,0,4299
400,3.3,director,150.0,3,IL,private,5000+ employees,111.0,1,0,0,0,0,0,0,1,3935
401,3.7,data scientist,82.0,0,TX,education,1 to 1000 employees,44.9,1,0,1,1,0,0,0,0,8734
402,3.7,data analyst,49.0,0,AL,public,5000+ employees,101.0,0,0,0,0,0,0,1,0,4774
403,3.8,data engineer,78.6,0,NY,other,1 to 1000 employees,44.9,1,1,0,1,0,1,0,0,4437
404,3.6,director,124.0,0,NJ,private,1001 to 5000 employees,34.0,1,0,0,1,1,0,1,0,5121
405,2.1,data analyst,52.0,2,PA,other,1001 to 5000 employees,20.0,0,0,0,0,1,0,1,0,1359
406,3.9,data engineer,97.0,0,CA,public,1 to 1000 employees,15.0,1,1,0,1,0,0,1,0,4915
407,3.9,data engineer,100.0,2,CA,private,1 to 1000 employees,16.0,0,1,0,0,1,0,0,0,3466
408,3.8,data scientist,53.0,3,NY,private,1001 to 5000 employees,21.0,1,1,0,0,0,1,0,0,3172
409,3.5,data scientist,56.0,0,NM,public,5000+ employees,153.0,1,0,0,0,0,0,1,0,3543
410,4.7,data scientist,111.0,2,MO,private,1 to 1000 employees,7.0,1,1,1,0,1,1,0,0,5020
411,5.0,data scientist,75.0,0,VA,private,1 to 1000 employees,9.0,1,0,0,0,1,0,0,0,2711
412,3.6,data engineer,65.0,0,MA,private,5000+ employees,172.0,1,1,0,0,0,1,1,0,2929
413,3.8,data scientist,56.0,3,WA,public,1001 to 5000 employees,58.0,1,0,0,0,0,0,0,1,6411
414,4.7,data scientist,108.0,0,UT,private,1 to 1000 employees,10.0,1,0,1,1,0,0,0,0,4819
415,3.6,data scientist,94.0,0,NJ,public,5000+ employees,211.0,0,0,0,0,1,0,1,0,3948
416,4.0,data engineer,78.6,0,TX,public,1 to 1000 employees,25.0,0,0,0,1,1,0,0,0,3874
417,3.5,data scientist,92.0,0,CA,private,1 to 1000 employees,7.0,1,0,0,0,1,0,0,1,2288
418,3.6,data scientist,78.6,0,NY,private,1 to 1000 employees,44.9,1,1,0,1,1,1,1,0,2333
419,3.4,data engineer,78.6,3,CA,private,1001 to 5000 employees,22.0,1,1,0,0,1,0,0,0,3892
420,2.7,data scientist,118.0,0,CA,public,5000+ employees,16.0,1,0,1,1,1,1,0,1,6995
421,3.4,data scientist,108.0,0,CA,private,1 to 1000 employees,15.0,1,1,0,0,1,1,0,0,3362
422,4.7,data scientist,65.0,0,CA,private,1 to 1000 employees,13.0,1,1,1,0,1,1,1,1,3740
423,2.8,data scientist,55.0,0,NY,public,1001 to 5000 employees,47.0,1,0,0,0,1,0,1,0,3000
424,3.5,data scientist,94.0,3,NY,subsidiary or business segment,1001 to 5000 employees,31.0,1,0,1,0,1,1,0,0,4140
425,3.2,data engineer,63.0,0,PA,private,1 to 1000 employees,44.9,1,1,0,1,1,1,1,0,1484
426,3.3,data scientist,127.0,0,CA,private,1 to 1000 employees,15.0,0,0,0,0,0,0,0,0,1688
427,3.6,data scientist,78.6,0,CA,public,1001 to 5000 employees,7.0,1,0,0,0,0,0,1,0,2905
428,3.4,data analyst,31.0,0,FL,public,1 to 1000 employees,32.0,0,0,0,0,0,0,0,0,2290
429,3.8,data engineer,105.0,3,TX,private,1 to 1000 employees,13.0,0,1,0,1,0,1,0,1,3297
430,3.5,data engineer,45.0,0,DC,private,1001 to 5000 employees,16.0,0,1,0,1,1,1,1,0,4582
431,4.4,data engineer,75.0,0,VA,private,1 to 1000 employees,8.0,1,1,0,0,0,1,0,0,2353
432,4.2,data engineer,78.6,0,UT,nonprofit organization,5000+ employees,44.9,0,0,0,0,1,0,0,0,3546
433,3.7,data engineer,126.0,3,CA,subsidiary or business segment,1001 to 5000 employees,35.0,1,1,0,1,1,1,0,1,3218
434,3.9,data scientist,78.6,0,AZ,private,1 to 1000 employees,44.9,1,0,0,1,1,0,0,1,2050
435,4.7,data scientist,80.0,0,VA,private,1 to 1000 employees,13.0,1,0,1,0,1,1,1,1,3703
436,4.1,data scientist,120.0,3,CA,private,1 to 1000 employees,11.0,1,1,1,0,0,1,1,1,4203
437,3.9,data scientist,78.6,3,NJ,private,1001 to 5000 employees,27.0,0,1,0,0,1,1,0,0,2138
438,4.0,data scientist,85.0,0,CA,private,1 to 1000 employees,44.9,1,0,0,0,1,1,0,0,1034
439,3.5,data scientist,95.0,0,NC,public,1001 to 5000 employees,6.0,1,0,0,0,0,1,1,0,3870
440,2.5,data scientist,111.0,1,CA,private,1 to 1000 employees,44.9,1,0,0,0,1,0,1,1,3885
441,3.9,data scientist,87.0,0,CA,private,1 to 1000 employees,44.9,1,0,0,0,1,0,0,0,2759
442,3.4,data scientist,76.0,0,VA,public,5000+ employees,54.0,1,0,1,1,0,0,0,0,2882
443,3.6,data analyst,54.0,3,NY,subsidiary or business segment,5000+ employees,88.0,0,1,0,1,1,0,1,0,6513
444,4.4,data analyst,78.6,0,CA,private,1 to 1000 employees,13.0,1,0,0,0,0,0,1,0,693
445,3.5,data scientist,61.0,2,NY,public,5000+ employees,7.0,1,0,0,1,1,0,0,1,6438
446,3.8,data scientist,81.0,0,NY,private,unknown,44.9,1,0,1,0,1,0,0,0,1838
447,2.9,data engineer,80.0,3,CA,private,1 to 1000 employees,25.0,1,0,0,0,1,1,0,0,3333
448,3.5,data scientist,108.0,0,CA,private,1 to 1000 employees,44.9,1,0,0,0,1,0,0,0,1131
449,4.8,data scientist,112.0,0,NY,private,1 to 1000 employees,12.0,1,0,0,0,1,0,1,0,2145
450,4.0,data scientist,63.0,3,NY,private,1 to 1000 employees,16.0,0,0,0,0,0,0,1,0,2496
451,4.2,data scientist,75.0,0,MA,private,1 to 1000 employees,138.0,0,0,0,0,1,0,1,0,5013
452,3.8,data scientist,110.0,3,NY,public,5000+ employees,56.0,1,1,0,0,1,1,1,1,5478
453,3.7,data engineer,76.0,3,NY,private,1 to 1000 employees,109.0,1,0,0,0,1,0,1,0,1506
454,4.4,data scientist,78.6,0,CA,private,1 to 1000 employees,44.9,1,1,1,0,0,0,0,1,3217
455,3.9,data analyst,36.0,3,PA,nonprofit organization,1 to 1000 employees,86.0,1,0,0,0,1,0,0,0,3971
456,4.6,data scientist,70.0,0,MA,private,1 to 1000 employees,44.9,1,0,0,1,1,1,0,1,2956
457,4.4,data scientist,78.6,0,CA,private,1 to 1000 employees,13.0,1,0,0,0,1,0,1,0,2854
458,4.3,data scientist,94.0,1,NY,public,1001 to 5000 employees,24.0,1,0,0,1,1,0,0,1,4816
459,2.9,data scientist,78.6,3,NY,nonprofit organization,1001 to 5000 employees,30.0,0,0,0,1,0,0,0,0,3389
460,3.7,data analyst,50.0,3,VA,private,1 to 1000 employees,34.0,0,0,0,0,1,0,1,0,2632
461,4.0,data engineer,49.0,0,OR,public,5000+ employees,84.0,0,0,0,0,1,0,0,0,2195
462,3.6,director,67.0,0,MA,private,5000+ employees,172.0,0,0,0,0,0,0,0,0,4425
463,3.9,mle,138.0,2,CA,private,1 to 1000 employees,16.0,1,0,1,0,1,1,0,0,2015
464,3.7,data scientist,80.0,0,CA,public,5000+ employees,84.0,0,0,0,0,1,0,1,0,4448
465,3.7,data scientist,158.0,3,WA,public,5000+ employees,65.0,1,1,0,0,1,0,1,0,7286
466,3.9,data scientist,150.0,0,NY,private,1 to 1000 employees,9.0,1,1,0,0,0,0,0,1,4815
467,3.7,data analyst,42.0,3,IL,public,5000+ employees,95.0,1,1,0,0,1,1,0,0,5768
468,4.1,data engineer,190.0,3,CA,private,1 to 1000 employees,13.0,1,0,0,1,1,1,0,0,4037
469,3.1,data analyst,42.0,0,NY,education,1001 to 5000 employees,17.0,1,1,0,0,1,0,1,0,4348
470,4.2,data engineer,78.6,0,TX,private,1 to 1000 employees,9.0,1,1,0,1,1,1,0,0,3469
471,3.8,data scientist,78.6,0,NY,private,unknown,44.9,0,0,0,1,0,1,1,1,3337
472,3.6,manager,34.0,0,MA,private,5000+ employees,172.0,0,0,0,0,0,0,1,0,5647
473,3.6,data analyst,47.0,2,NY,private,1 to 1000 employees,43.0,0,0,0,0,0,0,1,0,2292
474,3.5,data engineer,65.0,0,CA,private,1 to 1000 employees,10.0,1,0,0,1,1,1,1,0,5743
475,3.8,data scientist,78.6,0,CA,other,unknown,44.9,1,0,0,0,0,1,0,1,2054
476,4.2,data scientist,56.0,3,NY,private,1 to 1000 employees,11.0,1,0,0,1,1,0,0,0,4341
477,3.3,manager,78.6,0,FL,private,1 to 1000 employees,42.0,0,0,0,0,1,0,1,0,5264
478,3.8,data scientist,78.6,0,NY,other,unknown,44.9,1,1,1,1,1,1,1,0,5018
479,4.0,mle,62.0,2,VA,public,1 to 1000 employees,69.0,1,0,0,0,0,0,0,0,3127
480,3.9,data scientist,107.0,3,MD,public,5000+ employees,110.0,1,0,0,0,0,0,1,1,4572
481,3.7,data scientist,64.0,0,MD,private,1 to 1000 employees,17.0,1,0,0,0,0,0,1,0,6626
482,4.4,data scientist,89.0,0,CA,private,1 to 1000 employees,11.0,1,1,0,0,1,0,0,1,1211
483,3.8,manager,78.6,0,NY,other,1 to 1000 employees,44.9,1,0,0,0,0,0,1,0,3157
484,3.8,data scientist,78.6,0,CA,other,unknown,44.9,0,0,0,0,0,0,0,0,2138
485,3.7,mle,61.0,0,KS,public,1 to 1000 employees,50.0,1,0,0,0,1,0,1,0,2860
486,3.6,data analyst,35.0,0,CA,private,1001 to 5000 employees,37.0,0,0,0,0,1,0,1,0,4608
487,3.4,data engineer,55.0,3,TX,private,1 to 1000 employees,21.0,1,1,0,0,1,1,1,0,7802
488,3.7,data scientist,135.0,0,CA,public,5000+ employees,84.0,1,0,0,0,0,0,0,1,5884
489,3.5,data engineer,57.0,3,AZ,private,1 to 1000 employees,26.0,1,0,0,0,0,1,0,0,1230
490,4.4,data scientist,129.0,0,NY,private,1001 to 5000 employees,22.0,0,0,0,0,0,0,0,1,3222
491,3.3,data scientist,86.0,3,MA,private,5000+ employees,111.0,1,0,0,0,0,0,0,0,4244
492,3.2,data scientist,50.0,3,MA,nonprofit organization,5000+ employees,65.0,1,0,0,0,1,0,1,0,4478
493,3.2,data engineer,43.0,3,NY,private,1 to 1000 employees,20.0,1,0,0,1,1,0,1,0,2926
494,4.5,data scientist,78.6,0,CA,private,1 to 1000 employees,24.0,1,0,0,1,1,1,1,0,2405
495,4.0,data scientist,71.0,2,NY,private,1 to 1000 employees,16.0,1,0,0,0,1,0,1,0,3431
496,3.7,data engineer,113.0,3,MA,public,5000+ employees,242.0,0,0,0,1,1,1,1,1,6817
497,3.4,data scientist,69.0,2,NY,private,1 to 1000 employees,12.0,1,0,0,1,1,1,0,0,3111
498,4.4,data scientist,97.0,0,IL,private,1 to 1000 employees,15.0,1,0,0,1,1,0,1,0,3160
499,3.2,data scientist,150.0,3,CA,subsidiary or business segment,1 to 1000 employees,17.0,0,1,0,1,0,0,1,0,4847
500,3.1,data analyst,78.6,1,TN,private,1 to 1000 employees,21.0,0,1,0,1,1,0,0,0,6342
501,4.1,data engineer,78.6,0,GA,private,1 to 1000 employees,16.0,0,0,0,0,0,0,0,0,896
502,3.5,data scientist,77.0,0,NY,public,1 to 1000 employees,18.0,1,0,0,1,1,1,1,0,4134
503,4.2,data engineer,59.0,0,NC,private,1 to 1000 employees,15.0,1,1,0,0,1,0,1,0,5192
504,4.2,data analyst,35.0,0,UT,nonprofit organization,5000+ employees,44.9,0,0,0,1,1,0,1,0,4525
505,3.1,data engineer,79.0,3,CA,public,1001 to 5000 employees,26.0,1,1,0,1,1,1,1,0,2421
506,3.7,data analyst,78.6,3,VA,private,1 to 1000 employees,34.0,0,0,0,0,0,0,1,0,3085
507,3.8,data scientist,78.6,0,MA,public,5000+ employees,27.0,0,0,0,0,0,0,1,0,1911
508,4.3,data scientist,119.0,1,CA,private,1 to 1000 employees,15.0,1,1,0,0,0,1,1,0,2095
509,3.3,data analyst,90.0,3,CA,public,1001 to 5000 employees,35.0,0,0,0,0,1,0,1,0,7383
510,3.9,data analyst,32.0,0,NY,private,1 to 1000 employees,13.0,0,0,0,0,1,1,0,0,2460
511,3.5,manager,42.0,0,CA,nonprofit organization,1 to 1000 employees,27.0,0,0,0,0,1,0,0,0,3846
512,3.9,data scientist,102.0,3,NY,public,5000+ employees,110.0,1,1,0,0,0,0,0,1,3169
513,3.0,data engineer,69.0,3,TN,private,5000+ employees,65.0,1,0,0,0,1,0,0,0,2133
514,3.7,data scientist,86.0,3,NY,public,5000+ employees,160.0,1,0,0,0,1,0,1,1,4734
515,3.5,data scientist,102.0,0,CO,public,5000+ employees,153.0,1,0,0,0,0,0,1,1,3555
516,4.0,data engineer,74.0,0,CO,nonprofit organization,1 to 1000 employees,108.0,1,0,0,1,1,0,0,0,4701
517,3.2,data engineer,76.0,0,TN,private,1001 to 5000 employees,19.0,0,1,0,1,0,0,1,0,1793
518,3.4,data engineer,76.0,0,MD,private,1 to 1000 employees,24.0,0,0,0,1,0,0,0,0,3677
519,4.4,data scientist,108.0,0,MA,private,1001 to 5000 employees,39.0,1,0,0,0,1,0,0,0,2518
520,3.3,director,202.0,3,IL,private,5000+ employees,111.0,1,0,0,0,0,0,0,1,4471
521,3.2,mle,91.0,3,NY,private,1001 to 5000 employees,48.0,1,1,1,1,1,0,1,0,3516
522,4.1,data engineer,78.6,0,NY,private,1 to 1000 employees,20.0,1,1,0,0,1,0,0,0,1343
523,5.0,manager,78.6,0,CA,public,1 to 1000 employees,10.0,0,0,0,1,1,0,1,0,5059
524,4.2,data engineer,78.6,0,UT,nonprofit organization,5000+ employees,44.9,0,0,0,0,1,0,1,0,3384
525,3.3,data analyst,32.0,0,OH,private,1 to 1000 employees,34.0,0,0,0,0,0,0,0,0,2867
526,3.8,data scientist,78.6,0,MA,public,5000+ employees,27.0,0,0,0,0,0,0,1,0,1960
527,3.7,data analyst,39.0,0,MA,public,5000+ employees,171.0,0,0,0,0,1,0,0,0,3783
528,4.5,data engineer,87.0,0,IN,private,1 to 1000 employees,27.0,1,1,0,1,1,1,0,0,2311
529,3.0,data analyst,27.0,3,FL,subsidiary or business segment,1001 to 5000 employees,46.0,0,0,0,0,1,0,1,0,6175
530,3.8,data analyst,36.0,3,NY,private,1001 to 5000 employees,21.0,1,0,0,0,1,0,1,0,2479
531,3.9,data scientist,107.0,0,IL,public,5000+ employees,55.0,1,0,0,0,1,0,1,0,5338
532,4.8,manager,45.0,0,CA,private,1 to 1000 employees,12.0,0,0,0,0,1,0,1,0,3693
533,4.7,data scientist,60.0,0,GA,private,1 to 1000 employees,20.0,1,0,0,0,1,0,1,0,3081
534,4.7,data scientist,130.0,0,CA,private,1 to 1000 employees,9.0,1,0,0,0,1,0,1,0,3939
535,3.4,data engineer,61.0,0,MA,private,1001 to 5000 employees,35.0,0,0,0,0,1,1,1,0,2752
536,3.9,data analyst,99.0,0,CA,public,1 to 1000 employees,15.0,1,0,0,0,1,0,0,0,5717
537,3.6,manager,37.0,0,MA,private,5000+ employees,172.0,0,0,0,0,0,0,1,0,5016
538,4.4,data engineer,72.0,3,TN,public,1001 to 5000 employees,17.0,1,1,0,1,1,1,0,0,6130
539,4.8,data engineer,78.6,1,TX,private,1 to 1000 employees,8.0,1,0,0,0,1,0,0,0,3036
540,3.2,manager,95.0,0,PA,private,1 to 1000 employees,44.9,0,0,0,0,0,0,1,0,1642
541,4.2,data analyst,53.0,0,UT,nonprofit organization,5000+ employees,44.9,0,0,0,0,1,0,0,0,2811
542,4.2,data engineer,78.6,0,NY,private,1 to 1000 employees,9.0,1,1,0,1,1,1,0,0,3570
543,3.1,data analyst,33.0,3,UT,private,1001 to 5000 employees,46.0,1,0,0,0,1,0,1,0,4386
544,3.8,data engineer,44.0,0,AL,subsidiary or business segment,1 to 1000 employees,9.0,1,1,0,1,1,1,1,0,3585
545,4.8,manager,78.6,0,PA,private,1 to 1000 employees,14.0,0,0,0,0,0,0,1,0,6449
546,3.8,data analyst,43.0,3,WI,public,1001 to 5000 employees,153.0,0,0,0,1,0,0,1,0,4103
547,4.0,data scientist,125.0,0,NY,public,5000+ employees,174.0,0,0,0,1,0,0,1,0,4914
548,3.8,data analyst,44.0,3,NY,private,1001 to 5000 employees,21.0,0,1,0,0,1,0,1,0,2501
549,4.0,data analyst,69.0,3,VA,private,1 to 1000 employees,11.0,1,0,0,0,1,0,0,0,4096
550,1.9,data analyst,65.0,3,NY,private,1 to 1000 employees,13.0,1,0,0,0,1,0,1,0,4537
551,4.0,data engineer,67.0,3,VA,private,1 to 1000 employees,11.0,1,0,0,1,1,1,0,0,6152
552,4.3,data engineer,78.0,3,NC,private,5000+ employees,33.0,1,1,0,1,0,1,0,0,4577
553,3.8,data scientist,86.0,0,MA,public,5000+ employees,27.0,0,0,0,0,0,0,0,0,1768
554,4.3,data scientist,84.0,0,NY,private,1 to 1000 employees,12.0,1,0,0,1,1,1,0,0,1382
555,3.2,manager,50.0,0,PA,private,1 to 1000 employees,44.9,1,1,0,1,1,0,0,0,1790
556,3.4,data engineer,90.0,0,AZ,public,1 to 1000 employees,42.0,0,0,0,0,1,0,0,0,3889
557,3.8,data scientist,92.0,0,MA,public,5000+ employees,27.0,0,0,0,0,0,0,0,0,1919
558,4.5,data analyst,90.0,3,CA,private,1 to 1000 employees,17.0,0,0,0,0,1,0,0,0,3726
559,3.9,data scientist,93.0,0,FL,private,1 to 1000 employees,11.0,1,0,0,1,0,0,0,0,5647
560,4.4,data engineer,61.0,0,VA,private,1 to 1000 employees,19.0,1,1,0,1,0,1,0,0,2869
561,3.4,data engineer,42.0,0,AZ,private,1 to 1000 employees,21.0,1,0,0,1,1,1,0,0,1214
562,3.9,data scientist,139.0,0,CA,private,1 to 1000 employees,14.0,1,1,0,0,1,0,1,1,3199
563,3.3,data engineer,84.0,0,VA,private,1001 to 5000 employees,6.0,1,0,0,0,1,1,0,0,3392
564,3.4,data scientist,81.0,3,MA,private,1001 to 5000 employees,80.0,0,1,0,0,1,1,1,0,8761
565,4.7,data engineer,97.0,0,TX,private,1 to 1000 employees,13.0,1,0,1,0,1,1,0,0,4854
566,3.8,data engineer,44.0,3,IL,private,1001 to 5000 employees,98.0,1,0,0,0,1,1,1,0,2327
567,3.4,data engineer,75.0,3,IL,public,1001 to 5000 employees,18.0,0,1,0,0,1,0,0,0,4288
568,3.9,manager,40.0,2,CA,private,1 to 1000 employees,16.0,1,0,1,0,1,1,0,0,2340
569,4.1,data scientist,72.0,3,CA,public,5000+ employees,42.0,1,0,1,0,0,0,1,0,3329
570,3.7,data engineer,74.0,0,VA,public,5000+ employees,44.9,1,0,0,0,1,1,0,0,2672
571,2.8,data engineer,57.0,3,CA,private,1 to 1000 employees,51.0,0,1,0,0,1,0,0,0,3828
572,4.0,data engineer,121.0,2,CA,private,1001 to 5000 employees,16.0,1,1,0,1,0,1,1,0,3978
573,4.0,data engineer,78.6,0,WA,other,unknown,44.9,1,1,0,1,1,1,1,0,861
574,4.5,data scientist,78.6,0,CA,private,1 to 1000 employees,7.0,1,0,0,0,0,0,0,0,5007
575,4.4,data scientist,78.6,0,VA,private,1 to 1000 employees,10.0,1,0,0,1,1,0,0,0,2199
576,3.4,data scientist,81.0,3,OH,public,5000+ employees,45.0,0,0,1,0,1,0,1,0,1735
577,3.7,data engineer,83.0,0,IA,subsidiary or business segment,1 to 1000 employees,44.9,1,0,0,0,1,0,1,0,6569
578,3.8,data scientist,60.0,3,WA,public,1001 to 5000 employees,58.0,0,0,1,0,0,0,0,1,5188
579,4.7,data engineer,78.6,3,IL,private,1 to 1000 employees,9.0,0,1,0,1,1,0,0,0,2274
580,3.7,data analyst,78.6,0,PA,private,1 to 1000 employees,91.0,0,0,0,1,0,0,0,0,3711
581,4.6,data analyst,31.0,0,IA,private,1 to 1000 employees,31.0,0,0,0,0,1,0,1,0,4328
582,3.8,data scientist,78.6,0,MA,public,5000+ employees,27.0,0,0,0,0,0,0,1,0,1955
583,4.4,director,102.0,0,MA,public,1 to 1000 employees,20.0,0,0,0,0,0,0,1,1,5449
584,4.0,director,136.0,0,MA,public,5000+ employees,174.0,0,0,0,1,0,0,0,1,5701
585,3.0,data analyst,48.0,3,PA,private,5000+ employees,40.0,0,0,0,0,1,0,1,0,3766
586,4.7,data engineer,66.0,0,CA,private,1 to 1000 employees,17.0,1,0,0,1,0,0,0,0,1504
587,4.2,manager,171.0,0,CA,private,1 to 1000 employees,12.0,1,0,0,0,1,0,1,0,4951
588,3.8,data scientist,92.0,3,WA,public,1001 to 5000 employees,58.0,0,0,1,0,0,0,0,1,5186
589,3.5,data engineer,65.0,0,IL,private,1 to 1000 employees,28.0,1,0,0,0,1,0,0,0,3119
590,3.3,director,150.0,3,IL,private,5000+ employees,111.0,1,0,0,0,0,0,0,1,3935
591,2.7,data analyst,23.0,0,TN,public,5000+ employees,23.0,0,0,0,0,0,0,1,0,4299
592,3.3,data analyst,118.0,0,NJ,private,1001 to 5000 employees,50.0,1,0,0,0,1,0,1,0,4183
593,3.7,data scientist,82.0,0,TX,education,1 to 1000 employees,44.9,1,0,1,1,0,0,0,0,8734
594,3.7,data analyst,49.0,0,AL,public,5000+ employees,101.0,0,0,0,0,0,0,1,0,4774
595,4.9,data scientist,78.6,0,NJ,private,1 to 1000 employees,10.0,1,1,1,0,0,1,0,1,2689
596,3.8,data scientist,61.0,3,PA,public,5000+ employees,75.0,1,0,1,0,1,0,0,0,2493
597,3.8,data engineer,78.6,0,NY,other,1 to 1000 employees,44.9,1,1,0,1,0,1,0,0,4437
598,3.9,data scientist,113.0,3,MD,public,5000+ employees,110.0,1,0,0,0,0,0,1,1,4490
599,3.2,manager,78.6,3,GA,public,5000+ employees,165.0,1,1,0,0,1,1,1,0,5484
600,3.6,director,124.0,0,NJ,private,1001 to 5000 employees,34.0,1,0,0,1,1,0,1,0,5121
601,3.7,data engineer,58.0,0,VA,nonprofit organization,5000+ employees,124.0,0,0,0,0,0,0,1,0,2948
602,2.1,data analyst,52.0,2,PA,other,1001 to 5000 employees,20.0,0,0,0,0,1,0,1,0,1359
603,3.9,data engineer,97.0,0,CA,public,1 to 1000 employees,15.0,1,1,0,1,0,0,1,0,4915
604,3.9,data engineer,100.0,2,CA,private,1 to 1000 employees,16.0,0,1,0,0,1,0,0,0,3466
605,3.2,data analyst,58.0,0,NY,private,1 to 1000 employees,15.0,1,1,0,0,1,1,1,0,2689
606,3.8,data scientist,53.0,3,NY,private,1001 to 5000 employees,21.0,1,1,0,0,0,1,0,0,3172
607,2.2,data analyst,61.0,0,CA,private,1 to 1000 employees,21.0,0,0,0,0,0,0,1,0,4402
608,3.8,manager,78.6,3,MD,public,1001 to 5000 employees,18.0,1,1,0,1,1,1,1,1,4579
609,3.4,data analyst,32.0,0,WA,nonprofit organization,1 to 1000 employees,44.0,0,0,0,1,1,0,1,0,4087
610,3.3,data analyst,79.0,3,MD,private,1001 to 5000 employees,134.0,0,0,0,0,1,0,0,0,2606
611,3.7,data analyst,50.0,0,PA,private,1 to 1000 employees,29.0,0,0,0,0,1,0,1,0,1865
612,3.8,manager,68.0,0,MA,public,1 to 1000 employees,15.0,0,0,0,0,0,0,1,0,4465
613,3.3,director,39.0,3,MA,private,5000+ employees,111.0,0,0,0,0,0,0,0,1,3448
614,2.7,data engineer,71.0,0,CA,private,1 to 1000 employees,12.0,0,1,0,1,0,1,0,0,4571
615,3.8,data scientist,107.0,0,CA,public,1 to 1000 employees,17.0,0,0,0,0,1,0,0,1,2933
616,3.8,data scientist,49.0,3,WA,public,1001 to 5000 employees,58.0,0,0,1,0,0,0,0,0,4945
617,3.6,data analyst,47.0,2,NY,private,1 to 1000 employees,43.0,0,0,0,0,0,0,1,0,2292
618,3.8,data scientist,78.6,0,CA,other,unknown,44.9,1,0,0,0,0,1,0,1,2054
619,3.3,manager,78.6,0,FL,private,1 to 1000 employees,42.0,0,0,0,0,1,0,1,0,5264
620,3.5,data engineer,65.0,0,CA,private,1 to 1000 employees,10.0,1,0,0,1,1,1,1,0,5743
621,3.6,data scientist,87.0,0,NJ,private,1001 to 5000 employees,34.0,1,0,0,1,1,0,1,0,4648
622,4.2,data scientist,56.0,3,NY,private,1 to 1000 employees,11.0,1,0,0,1,1,0,0,0,4341
623,3.5,data scientist,71.0,0,MO,education,1 to 1000 employees,44.9,0,1,0,0,1,0,1,1,3775
624,4.0,mle,62.0,2,VA,public,1 to 1000 employees,69.0,1,0,0,0,0,0,0,0,3127
625,3.7,data scientist,64.0,0,MD,private,1 to 1000 employees,17.0,1,0,0,0,0,0,1,0,6626
626,3.8,data scientist,78.6,0,NY,other,unknown,44.9,1,1,1,1,1,1,1,0,5018
627,4.0,data scientist,78.6,0,IL,private,1 to 1000 employees,44.9,1,1,0,0,1,0,0,0,1136
628,3.8,manager,78.6,0,NY,other,1 to 1000 employees,44.9,1,0,0,0,0,0,1,0,3157
629,4.4,data scientist,89.0,0,CA,private,1 to 1000 employees,11.0,1,1,0,0,1,0,0,1,1211
630,4.4,data scientist,78.6,0,WA,private,1 to 1000 employees,17.0,1,0,0,0,1,1,0,0,1325
631,3.8,data scientist,78.6,0,CA,other,unknown,44.9,0,0,0,0,0,0,0,0,2138
632,3.9,data scientist,78.6,0,AZ,private,1 to 1000 employees,44.9,1,0,0,1,1,0,0,1,2050
633,3.8,data scientist,78.6,0,NY,other,unknown,44.9,1,0,0,0,1,1,0,0,2798
634,3.6,data analyst,35.0,0,CA,private,1001 to 5000 employees,37.0,0,0,0,0,1,0,1,0,4608
635,3.7,mle,61.0,0,KS,public,1 to 1000 employees,50.0,1,0,0,0,1,0,1,0,2860
636,3.4,data engineer,55.0,3,TX,private,1 to 1000 employees,21.0,1,1,0,0,1,1,1,0,7802
637,3.7,data scientist,135.0,0,CA,public,5000+ employees,84.0,1,0,0,0,0,0,0,1,5884
638,3.5,data engineer,57.0,3,AZ,private,1 to 1000 employees,26.0,1,0,0,0,0,1,0,0,1230
639,3.2,data scientist,50.0,3,MA,nonprofit organization,5000+ employees,65.0,1,0,0,0,1,0,1,0,4478
640,4.4,data scientist,82.0,0,OH,subsidiary or business segment,1 to 1000 employees,138.0,1,0,0,1,1,0,0,0,4804
641,3.9,data scientist,85.0,3,VA,private,1 to 1000 employees,13.0,1,0,0,0,1,1,0,1,4427
642,3.5,data scientist,78.6,0,MI,private,1001 to 5000 employees,27.0,0,0,0,0,0,0,0,0,2835
643,3.4,data scientist,72.0,0,DC,private,1 to 1000 employees,26.0,1,0,1,0,0,0,0,0,4662
644,3.8,data scientist,78.6,0,CA,other,unknown,44.9,0,1,0,1,1,0,0,0,2500
645,3.7,data engineer,113.0,3,MA,public,5000+ employees,242.0,0,0,0,1,1,1,1,1,6817
646,3.4,data scientist,69.0,2,NY,private,1 to 1000 employees,12.0,1,0,0,1,1,1,0,0,3111
647,4.0,data scientist,71.0,2,NY,private,1 to 1000 employees,16.0,1,0,0,0,1,0,1,0,3431
648,4.4,data scientist,97.0,0,IL,private,1 to 1000 employees,15.0,1,0,0,1,1,0,1,0,3160
649,3.2,data scientist,150.0,3,CA,subsidiary or business segment,1 to 1000 employees,17.0,0,1,0,1,0,0,1,0,4847
650,3.8,data analyst,78.6,3,FL,private,1 to 1000 employees,21.0,0,0,0,0,1,0,1,0,1465
651,3.1,data analyst,78.6,1,TN,private,1 to 1000 employees,21.0,0,1,0,1,1,0,0,0,6342
652,4.1,data engineer,78.6,0,GA,private,1 to 1000 employees,16.0,0,0,0,0,0,0,0,0,896
653,4.7,data scientist,78.6,0,CA,private,1 to 1000 employees,17.0,1,0,1,0,1,0,0,1,709
654,4.2,data analyst,35.0,0,UT,nonprofit organization,5000+ employees,44.9,0,0,0,1,1,0,1,0,4525
655,3.5,data scientist,77.0,0,NY,public,1 to 1000 employees,18.0,1,0,0,1,1,1,1,0,4134
656,4.3,data scientist,51.0,0,AZ,private,1 to 1000 employees,54.0,1,0,0,0,1,0,1,0,3728
657,2.6,data scientist,101.0,0,CA,private,5000+ employees,26.0,1,0,0,0,1,0,0,0,2399
658,4.2,data engineer,59.0,0,NC,private,1 to 1000 employees,15.0,1,1,0,0,1,0,1,0,5192
659,3.7,data analyst,78.6,3,VA,private,1 to 1000 employees,34.0,0,0,0,0,0,0,1,0,3085
660,3.1,data engineer,79.0,3,CA,public,1001 to 5000 employees,26.0,1,1,0,1,1,1,1,0,2421
661,3.8,data scientist,79.0,0,CA,subsidiary or business segment,1 to 1000 employees,18.0,1,0,0,1,1,0,0,0,2730
662,3.3,data scientist,78.6,0,DC,private,1001 to 5000 employees,37.0,1,0,0,1,0,0,1,1,4794
663,4.3,data scientist,119.0,1,CA,private,1 to 1000 employees,15.0,1,1,0,0,0,1,1,0,2095
664,4.5,data scientist,78.6,3,GA,private,1001 to 5000 employees,34.0,1,1,0,0,1,0,0,0,2105
665,5.0,data scientist,78.6,0,CA,private,1 to 1000 employees,44.9,1,0,0,0,1,1,1,1,3446
666,3.8,data scientist,78.6,0,MA,public,5000+ employees,27.0,0,0,0,0,0,0,1,0,1911
667,3.2,data scientist,81.0,3,VA,nonprofit organization,5000+ employees,65.0,1,0,0,0,1,1,1,0,3170
668,5.0,data scientist,120.0,0,MI,private,1 to 1000 employees,12.0,0,1,0,0,0,0,1,1,3808
669,4.3,data scientist,78.6,0,UT,private,1 to 1000 employees,27.0,1,0,0,0,1,1,0,1,2098
670,3.3,data analyst,90.0,3,CA,public,1001 to 5000 employees,35.0,0,0,0,0,1,0,1,0,7383
671,3.5,manager,42.0,0,CA,nonprofit organization,1 to 1000 employees,27.0,0,0,0,0,1,0,0,0,3846
672,3.9,data analyst,32.0,0,NY,private,1 to 1000 employees,13.0,0,0,0,0,1,1,0,0,2460
673,3.9,data scientist,107.0,3,MD,public,5000+ employees,110.0,1,0,0,0,0,0,1,1,4572
674,3.4,data scientist,65.0,0,WA,private,1 to 1000 employees,44.9,0,0,0,0,0,0,0,0,407
675,3.0,data engineer,69.0,3,TN,private,5000+ employees,65.0,1,0,0,0,1,0,0,0,2133
676,3.9,data scientist,102.0,3,NY,public,5000+ employees,110.0,1,1,0,0,0,0,0,1,3169
677,5.0,data scientist,78.6,0,VA,private,unknown,21.0,1,0,1,0,0,0,0,0,3285
678,5.0,data scientist,78.6,0,CA,private,1 to 1000 employees,5.0,1,0,0,1,1,0,0,0,2227
679,4.0,data engineer,74.0,0,CO,nonprofit organization,1 to 1000 employees,108.0,1,0,0,1,1,0,0,0,4701
680,3.6,data scientist,78.6,2,TX,public,1 to 1000 employees,21.0,0,0,0,0,0,0,0,0,1904
681,3.2,data engineer,76.0,0,TN,private,1001 to 5000 employees,19.0,0,1,0,1,0,0,1,0,1793
682,3.4,data engineer,76.0,0,MD,private,1 to 1000 employees,24.0,0,0,0,1,0,0,0,0,3677
683,4.4,data scientist,108.0,0,MA,private,1001 to 5000 employees,39.0,1,0,0,0,1,0,0,0,2518
684,3.3,director,202.0,3,IL,private,5000+ employees,111.0,1,0,0,0,0,0,0,1,4471
685,3.2,mle,91.0,3,NY,private,1001 to 5000 employees,48.0,1,1,1,1,1,0,1,0,3516
686,4.1,data engineer,78.6,0,NY,private,1 to 1000 employees,20.0,1,1,0,0,1,0,0,0,1343
687,5.0,manager,78.6,0,CA,public,1 to 1000 employees,10.0,0,0,0,1,1,0,1,0,5059
688,4.2,data scientist,78.6,3,AZ,private,1 to 1000 employees,23.0,0,1,0,0,1,0,0,0,4660
689,4.7,data scientist,78.6,0,VA,other,1 to 1000 employees,10.0,1,1,0,0,1,1,1,0,4406
690,4.2,data engineer,78.6,0,UT,nonprofit organization,5000+ employees,44.9,0,0,0,0,1,0,1,0,3384
691,3.2,data scientist,96.0,0,PA,private,1 to 1000 employees,44.9,1,0,0,1,1,1,0,0,2306
692,3.3,data scientist,78.6,2,MI,private,1 to 1000 employees,29.0,1,0,0,0,0,1,0,0,2055
693,3.8,data scientist,78.6,0,MA,public,5000+ employees,27.0,0,0,0,0,0,0,1,0,1960
694,3.3,data analyst,32.0,0,OH,private,1 to 1000 employees,34.0,0,0,0,0,0,0,0,0,2867
695,4.5,data engineer,87.0,0,IN,private,1 to 1000 employees,27.0,1,1,0,1,1,1,0,0,2311
696,3.0,data analyst,27.0,3,FL,subsidiary or business segment,1001 to 5000 employees,46.0,0,0,0,0,1,0,1,0,6175
697,3.7,data analyst,39.0,0,MA,public,5000+ employees,171.0,0,0,0,0,1,0,0,0,3783
698,3.8,data analyst,36.0,3,NY,private,1001 to 5000 employees,21.0,1,0,0,0,1,0,1,0,2479
699,3.9,data scientist,107.0,0,IL,public,5000+ employees,55.0,1,0,0,0,1,0,1,0,5338
700,4.8,manager,45.0,0,CA,private,1 to 1000 employees,12.0,0,0,0,0,1,0,1,0,3693
701,3.4,data engineer,61.0,0,MA,private,1001 to 5000 employees,35.0,0,0,0,0,1,1,1,0,2752
702,4.1,mle,80.0,0,CA,private,1 to 1000 employees,16.0,1,1,1,1,0,0,1,0,3478
703,3.9,data analyst,99.0,0,CA,public,1 to 1000 employees,15.0,1,0,0,0,1,0,0,0,5717
704,3.6,manager,37.0,0,MA,private,5000+ employees,172.0,0,0,0,0,0,0,1,0,5016
705,3.9,data engineer,62.0,2,CA,private,1 to 1000 employees,12.0,1,1,0,1,1,0,1,1,3813
706,4.4,data engineer,72.0,3,TN,public,1001 to 5000 employees,17.0,1,1,0,1,1,1,0,0,6130
707,3.2,manager,95.0,0,PA,private,1 to 1000 employees,44.9,0,0,0,0,0,0,1,0,1642
708,4.8,data engineer,78.6,1,TX,private,1 to 1000 employees,8.0,1,0,0,0,1,0,0,0,3036
